timeStamp,elapsed,label,responseCode,responseMessage,threadName,dataType,success,failureMessage,bytes,sentBytes,grpThreads,allThreads,URL,Latency,IdleTime,Connect
1779892711748,11,Add book to cart,201,,Cart and Orders Workflows 1-1,text,true,,741,287,1,1,http://localhost:8080/cartitem,11,0,1
1779892711760,6,Finalize order,201,,Cart and Orders Workflows 1-1,text,true,,577,344,1,1,http://localhost:8080/shipping,6,0,0
1779892711767,6,Get all orders,200,,Cart and Orders Workflows 1-1,text,true,,2166,185,1,1,http://localhost:8080/shipping,6,0,0
1779892712748,9,Add book to cart,201,,Cart and Orders Workflows 1-2,text,true,,741,287,1,1,http://localhost:8080/cartitem,9,0,0
1779892712758,4,Finalize order,201,,Cart and Orders Workflows 1-2,text,true,,577,344,1,1,http://localhost:8080/shipping,4,0,0
1779892712763,5,Get all orders,200,,Cart and Orders Workflows 1-2,text,true,,2312,185,1,1,http://localhost:8080/shipping,5,0,0
1779892713748,11,Add book to cart,201,,Cart and Orders Workflows 1-3,text,true,,741,287,1,1,http://localhost:8080/cartitem,11,0,1
1779892713759,8,Finalize order,201,,Cart and Orders Workflows 1-3,text,true,,577,344,1,1,http://localhost:8080/shipping,8,0,0
1779892713767,5,Get all orders,200,,Cart and Orders Workflows 1-3,text,true,,2458,185,1,1,http://localhost:8080/shipping,5,0,0
1779892714749,9,Add book to cart,201,,Cart and Orders Workflows 1-4,text,true,,741,287,1,1,http://localhost:8080/cartitem,9,0,0
1779892714758,5,Finalize order,201,,Cart and Orders Workflows 1-4,text,true,,577,344,1,1,http://localhost:8080/shipping,5,0,0
1779892714763,5,Get all orders,200,,Cart and Orders Workflows 1-4,text,true,,2604,185,1,1,http://localhost:8080/shipping,5,0,0
1779892715762,10,Add book to cart,201,,Cart and Orders Workflows 1-5,text,true,,741,287,1,1,http://localhost:8080/cartitem,10,0,1
1779892715772,6,Finalize order,201,,Cart and Orders Workflows 1-5,text,true,,577,344,1,1,http://localhost:8080/shipping,6,0,0
1779892715779,4,Get all orders,200,,Cart and Orders Workflows 1-5,text,true,,2750,185,1,1,http://localhost:8080/shipping,4,0,0
1779892716748,12,Add book to cart,201,,Cart and Orders Workflows 1-6,text,true,,741,287,1,1,http://localhost:8080/cartitem,12,0,1
1779892716761,5,Finalize order,201,,Cart and Orders Workflows 1-6,text,true,,577,344,1,1,http://localhost:8080/shipping,5,0,0
1779892716767,5,Get all orders,200,,Cart and Orders Workflows 1-6,text,true,,2896,185,1,1,http://localhost:8080/shipping,5,0,0
1779892717748,11,Add book to cart,201,,Cart and Orders Workflows 1-7,text,true,,741,287,1,1,http://localhost:8080/cartitem,11,0,1
1779892717759,5,Finalize order,201,,Cart and Orders Workflows 1-7,text,true,,577,344,1,1,http://localhost:8080/shipping,5,0,0
1779892717765,4,Get all orders,200,,Cart and Orders Workflows 1-7,text,true,,3042,185,1,1,http://localhost:8080/shipping,4,0,0
1779892718749,8,Add book to cart,201,,Cart and Orders Workflows 1-8,text,true,,741,287,1,1,http://localhost:8080/cartitem,8,0,0
1779892718757,5,Finalize order,201,,Cart and Orders Workflows 1-8,text,true,,577,344,1,1,http://localhost:8080/shipping,5,0,0
1779892718763,4,Get all orders,200,,Cart and Orders Workflows 1-8,text,true,,3188,185,1,1,http://localhost:8080/shipping,4,0,0
1779892719749,9,Add book to cart,201,,Cart and Orders Workflows 1-9,text,true,,741,287,1,1,http://localhost:8080/cartitem,9,0,1
1779892719759,4,Finalize order,201,,Cart and Orders Workflows 1-9,text,true,,577,344,1,1,http://localhost:8080/shipping,4,0,0
1779892719763,5,Get all orders,200,,Cart and Orders Workflows 1-9,text,true,,3334,185,1,1,http://localhost:8080/shipping,5,0,0
1779892720749,9,Add book to cart,201,,Cart and Orders Workflows 1-10,text,true,,741,287,1,1,http://localhost:8080/cartitem,9,0,0
1779892720758,5,Finalize order,201,,Cart and Orders Workflows 1-10,text,true,,577,344,1,1,http://localhost:8080/shipping,5,0,0
1779892720763,5,Get all orders,200,,Cart and Orders Workflows 1-10,text,true,,3480,185,1,1,http://localhost:8080/shipping,5,0,0
